	Length	Tokens	Unique Tokens	Avg Token Length	Entities	Unique Entities	Avg Entity Length	Density	B-PER	I-PER	B-LOC	I-LOC	B-ORG	I-ORG	B-MISC	I-MISC	O
0	9	['chris', 'hoiles', 'hit', 'his', '22nd', 'homer', 'for', 'baltimore', '.']	1	4.333333333333333	['chris', 'hoiles', 'baltimore']	1	6.666666666666667	33.33333333333333	1	1	1	0	0	0	0	0	6
1	34	"['ansa', 'said', '$UNK$', 'was', 'unable', 'to', 'recall', 'how', 'he', 'had', 'killed', 'the', 'women', ',', 'remembering', 'only', 'that', 'he', 'had', 'found', 'them', '""', 'lifeless', 'in', 'his', 'arms', '""', 'after', 'having', '$UNK$', 'sex', 'with', 'them', '.']"	1	3.911764705882353	['ansa', '$UNK$']	0	4.5	5.88235294117647	0	0	0	0	1	0	0	0	32
2	4	['pontiac', ',', 'mich', '.']	0	3.25	['pontiac', 'mich']	0	5.5	50.0	0	0	2	0	0	0	0	0	2
3	4	['oakland', '$NUM$', 'baltimore', '$NUM$']	0	6.5	['oakland', 'baltimore']	0	8.0	50.0	0	0	0	0	2	0	0	0	2
4	10	['dac', '$UNK$', 'streda', '$NUM$', '$NUM$', '$NUM$', '$NUM$', '$NUM$', '$NUM$', '$NUM$']	0	4.9	['dac', '$UNK$', 'streda']	0	4.666666666666667	30.0	0	0	0	0	1	1	0	0	7
5	39	"['""', 'the', 'defence', 'ministers', 'will', 'begin', 'negotiations', 'for', 'this', 'at', 'the', 'beginning', 'of', 'september', 'at', 'a', 'nato', 'meeting', ',', '""', 'he', 'told', 'the', 'newspaper', 'in', 'an', 'interview', ',', 'excerpts', 'of', 'which', 'were', 'released', 'ahead', 'of', 'publication', 'on', 'sunday', '.']"	1	4.487179487179487	['nato']	0	4.0	2.564102564102564	0	0	0	0	1	0	0	0	38
6	10	['key', 'stock', 'and', 'currency', 'market', 'movements', 'at', '$NUM$', 'gmt', '.']	0	4.5	['gmt']	0	3.0	10.0	0	0	0	0	0	0	1	0	9
7	2	['tokyo', '$UNK$']	0	5.0	['tokyo']	0	5.0	50.0	0	0	1	0	0	0	0	0	1
8	4	['flamengo', '$NUM$', 'juventude', '$NUM$']	0	6.75	['flamengo', 'juventude']	0	8.5	50.0	0	0	0	0	2	0	0	0	2
9	24	"['borsuk', 'said', 'the', 'farm', 'sector', 'has', 'two', 'options', ':', '""', 'we', 'can', 'sit', 'down', 'and', 'cry', ',', 'or', 'we', 'can', 'do', 'something', '.', '""']"	0	3.2083333333333335	['borsuk']	0	6.0	4.166666666666666	1	0	0	0	0	0	0	0	23
10	9	['5.', 'wim', 'omloop', '(', 'belgium', ')', '$UNK$', 'same', 'time']	1	3.6666666666666665	['wim', 'omloop', 'belgium', '$UNK$']	1	5.25	44.44444444444444	1	1	1	0	0	0	0	0	5
11	24	['$UNK$', 'started', 'his', 'u.n.', 'career', 'in', '$NUM$', 'and', 'has', 'long', 'experience', 'in', 'u.n.', 'emergency', 'relief', 'in', 'congo', ',', 'angola', ',', 'sudan', 'and', 'somalia', '.']	1	4.333333333333333	['$UNK$', 'u.n.', 'u.n.', 'congo', 'angola', 'sudan', 'somalia']	1	5.142857142857143	29.166666666666668	0	0	4	0	2	0	0	0	17
12	5	['houston', '$NUM$', 'st', 'louis', '$NUM$']	0	4.8	['houston', 'st', 'louis']	0	4.666666666666667	60.0	0	0	0	0	2	1	0	0	2
13	12	"['winners', 'on', 'the', 'european', 'tour', 'after', 'sunday', ""'s"", 'german', 'open', '(', 'britain']"	0	4.583333333333333	['european', 'tour', 'german', 'open', 'britain']	0	5.8	41.66666666666667	0	0	1	0	0	0	2	2	7
14	7	['cycling', '-', 'world', 'track', 'championship', 'results', '.']	0	5.428571428571429	[]	0	-1.0	0.0	0	0	0	0	0	0	0	0	7
15	37	['the', 'mariners', 'scored', 'four', 'runs', 'in', 'the', 'top', 'of', 'the', 'fifth', 'to', 'tie', 'the', 'game', '5-5', 'but', 'ripken', 'led', 'off', 'the', 'bottom', 'of', 'the', 'inning', 'with', 'his', '21st', 'homer', 'off', 'starter', 'sterling', 'hitchcock', '(', '12-6', ')', '.']	2	3.864864864864865	['mariners', 'ripken', 'sterling', 'hitchcock']	1	7.75	10.81081081081081	2	1	0	0	1	0	0	0	33
16	7	['mid-tier', 'golds', 'up', 'in', 'heavy', 'trading', '.']	2	4.285714285714286	[]	0	-1.0	0.0	0	0	0	0	0	0	0	0	7
17	2	['bonn', '$UNK$']	0	4.5	['bonn']	0	4.0	50.0	0	0	1	0	0	0	0	0	1
18	9	['soccer', '-', 'summary', 'of', 'german', 'first', 'division', 'match', '.']	0	4.555555555555555	['german']	0	6.0	11.11111111111111	0	0	0	0	0	0	1	0	8
19	2	['ankara', '$UNK$']	0	5.5	['ankara']	0	6.0	50.0	0	0	1	0	0	0	0	0	1
20	7	['soccer', '-', 'portuguese', 'first', 'division', 'results', '.']	0	5.428571428571429	['portuguese']	0	10.0	14.285714285714285	0	0	0	0	0	0	1	0	6
21	36	['in', 'a', 'lengthy', 'debate', 'on', 'burundi', 'before', 'the', 'u.n.', 'security', 'council', ',', 'ambassador', 'nsanze', 'terence', 'said', 'the', 'new', 'military', 'government', 'took', 'over', 'to', 'stabilise', 'the', 'country', 'and', 'wanted', 'negotiations', 'under', 'former', 'tanzanian', 'president', 'julius', '$UNK$', '.']	1	5.444444444444445	['burundi', 'u.n.', 'security', 'council', 'nsanze', 'terence', 'tanzanian', 'julius', '$UNK$']	1	6.555555555555555	25.0	2	1	1	0	1	2	1	0	27
22	13	['standings', '(', 'tabulated', 'under', 'played', ',', 'won', ',', 'drawn', ',', 'lost', ',', 'goals']	0	3.923076923076923	[]	0	-1.0	0.0	0	0	0	0	0	0	0	0	13
23	12	['$UNK$', '-', 'golf', ':', 'norman', 'sacks', 'his', 'coach', 'after', 'disappointing', 'season', '.']	1	4.583333333333333	['$UNK$', 'norman']	0	5.5	16.666666666666664	1	0	0	0	0	0	0	0	10
24	12	['the', 'guitarist', 'died', 'of', 'a', 'drugs', 'overdose', 'in', '$NUM$', 'aged', '$NUM$', '.']	2	4.083333333333333	[]	0	-1.0	0.0	0	0	0	0	0	0	0	0	12
25	36	['after', 'appearing', 'as', 'a', 'pinch-hitter', 'in', 'the', 'previous', 'two', 'games', ',', 'bonds', ',', 'who', 'has', 'been', 'battling', 'a', 'hamstring', 'injury', ',', 'did', 'not', 'see', 'any', 'action', 'today', ',', 'ending', 'his', 'streak', 'at', '$NUM$', 'consecutive', 'games', '.']	0	4.305555555555555	['bonds']	0	5.0	2.7777777777777777	1	0	0	0	0	0	0	0	35
26	9	['az', 'alkmaar', '$NUM$', '$NUM$', '$NUM$', '$NUM$', '$NUM$', '$NUM$', '$NUM$']	0	4.888888888888889	['az', 'alkmaar']	0	4.5	22.22222222222222	0	0	0	0	1	1	0	0	7
27	23	"['it', 'was', 'the', 'first', 'known', 'time', 'that', 'a', 'police', 'officer', 'has', 'been', 'president', 'at', 'the', 'suicide', 'of', 'one', 'of', 'kevorkian', ""'s"", 'patients', '.']"	0	4.130434782608695	['kevorkian']	0	9.0	4.3478260869565215	1	0	0	0	0	0	0	0	22
28	39	['peiris', ',', '$NUM$', ',', 'of', 'perth', ',', 'was', 'sentenced', 'in', 'the', 'western', 'australian', 'district', 'court', 'to', 'two', 'years', 'in', 'jail', 'for', 'fraud', 'after', 'trading', 'three', 'pairs', 'of', 'impostor', 'birds', 'for', '$NUM$', 'parrots', 'worth', 'a', 'total', 'of', 'a$', '28,000', '.']	1	4.256410256410256	['peiris', 'perth', 'western', 'australian', 'a$']	0	6.0	12.82051282051282	1	0	1	0	0	0	2	1	34
29	2	['irene', '$UNK$']	1	5.0	['irene', '$UNK$']	1	5.0	100.0	1	0	0	0	0	0	0	0	0
30	24	"['the', 'way', 'he', 'was', 'chipping', 'and', 'charging', 'and', 'serving', 'and', 'volleying', 'i', 'did', ""n't"", 'really', 'get', 'my', 'timing', 'playing', 'from', 'the', 'baseline', '.', '""']"	1	4.166666666666667	[]	0	-1.0	0.0	0	0	0	0	0	0	0	0	24
31	22	"['$UNK$', 'peace', 'talks', 'have', 'been', 'deadlocked', 'over', 'the', 'golan', 'since', '$NUM$', 'despite', 'the', 'previous', 'government', ""'s"", 'willingness', 'to', 'make', 'golan', 'concessions', '.']"	0	5.409090909090909	['$UNK$', 'golan', 'golan']	0	5.0	13.636363636363635	0	0	2	0	0	0	0	0	19
32	9	['gks', 'belchatow', '$NUM$', '$NUM$', '$NUM$', '$NUM$', '$NUM$', '$NUM$', '$NUM$']	0	5.222222222222222	['gks', 'belchatow']	0	6.0	22.22222222222222	0	0	0	0	1	1	0	0	7
33	7	['two', 'dead', 'in', 'cambodia', 'helicopter', 'crash', '.']	0	4.714285714285714	['cambodia']	0	8.0	14.285714285714285	0	0	1	0	0	0	0	0	6
34	20	"['""', 'but', 'there', 'is', 'a', 'significant', 'influence', 'of', 'opposition', 'parties', 'that', 'are', 'collecting', 'points', 'ahead', 'of', 'coming', 'elections', '.', '""']"	0	4.9	[]	0	-1.0	0.0	0	0	0	0	0	0	0	0	20
35	19	"['throughout', 'the', 'group', ',', 'higher', 'paper', 'prices', 'increased', 'costs', 'by', 'over', 'us$', '$NUM$', 'million', ',', '""', 'it', 'said', '.']"	0	4.2105263157894735	['us$']	0	3.0	5.263157894736842	0	0	0	0	0	0	1	0	18
36	11	"['nicolas', 'lapentti', '(', 'ecuador', ')', 'vs.', 'alex', ""o'brien"", '(', 'u.s.', ')']"	0	4.0	"['nicolas', 'lapentti', 'ecuador', 'alex', ""o'brien"", 'u.s.']"	0	6.166666666666667	54.54545454545454	2	2	2	0	0	0	0	0	5
37	3	['aegon', '83.40', 'paribas']	1	5.666666666666667	['aegon', 'paribas']	0	6.0	66.66666666666666	0	0	0	0	2	0	0	0	1
38	14	['he', 'added', 'chiron', 'corp', 'reported', 'its', 'sales', 'of', 'inventory', 'to', 'berlex', 'was', 'down', '.']	1	4.285714285714286	['chiron', 'corp', 'berlex']	0	5.333333333333333	21.428571428571427	0	0	0	0	2	1	0	0	11
39	7	['$UNK$', 'dionne', 'rose', '(', 'jamaica', ')', '12.88']	1	4.142857142857143	['dionne', 'rose', 'jamaica']	0	5.666666666666667	42.857142857142854	1	1	1	0	0	0	0	0	4
40	22	['davenport', 'had', 'drawn', 'one', 'of', 'the', 'toughest', 'first-round', 'assignments', 'of', 'any', 'of', 'the', 'seeded', 'players', 'in', '$UNK$', 'karina', 'habsudova', 'of', 'slovakia', '.']	1	5.045454545454546	['davenport', 'karina', 'habsudova', 'slovakia']	0	8.0	18.181818181818183	2	1	1	0	0	0	0	0	18
41	9	['brazil', 'police', 'arrest', 'wanted', 'italian', 'man', '-', 'report', '.']	0	4.666666666666667	['brazil', 'italian']	0	6.5	22.22222222222222	0	0	1	0	0	0	1	0	7
42	33	['gloria', 'bistrita', '(', 'romania', ')', 'beat', '2-1', '(', 'halftime', '1-1', ')', 'f.c.', 'valletta', '(', 'malta', ')', 'in', 'their', 'cup', 'winners', 'cup', 'match', ',', 'second', 'leg', 'of', 'the', 'preliminary', 'round', ',', 'on', 'thursday', '.']	0	3.9393939393939394	['gloria', 'bistrita', 'romania', 'f.c.', 'valletta', 'malta', 'cup', 'winners', 'cup']	0	5.666666666666667	27.27272727272727	0	0	2	0	2	2	1	2	24
43	4	"['constructors', ""'"", 'championship', ':']"	1	6.5	[]	0	-1.0	0.0	0	0	0	0	0	0	0	0	4
44	16	['neville', 'godwin', '(', 'south', 'africa', ')', 'beat', 'tomas', 'carbonell', '(', 'spain', ')', '6-4', '6-2', '3-6', '6-1']	2	3.9375	['neville', 'godwin', 'south', 'africa', 'tomas', 'carbonell', 'spain']	2	6.142857142857143	43.75	2	2	2	1	0	0	0	0	9
45	15	['the', 'broader', '$UNK$', 'index', 'closed', '1.19', 'points', 'or', '0.08', 'percent', 'lower', 'at', '$UNK$', 'points', '.']	1	4.533333333333333	['$UNK$']	0	5.0	6.666666666666667	0	0	0	0	0	0	0	0	14
46	2	['$NUM$', '610,000']	1	6.0	[]	0	-1.0	0.0	0	0	0	0	0	0	0	0	2
47	52	"['mccurry', 'said', 'that', 'when', 'clinton', 'delivers', 'his', 'acceptance', 'address', 'on', 'thursday', 'night', 'to', 'fellow', 'democrats', 'and', 'a', 'national', 'television', 'audience', ',', 'he', 'will', '""', 'set', 'out', 'a', 'road', 'map', '""', 'for', 'the', 'nation', ""'s"", 'future', '--', 'one', 'the', 'president', 'hopes', 'guides', 'him', 'back', 'to', 'the', 'white', 'house', 'for', 'four', 'more', 'years', '.']"	2	4.346153846153846	['mccurry', 'clinton', 'democrats', 'white', 'house']	0	6.6	9.615384615384617	2	0	1	1	0	0	1	0	47
48	22	"['gore', 'ridiculed', 'dole', ""'s"", 'defense', 'of', 'the', 'tobacco', 'industry', ',', 'praised', 'clinton', 'for', '""', 'courage', '""', 'in', 'advancing', 'regulations', 'of', 'it', '.']"	2	4.545454545454546	['gore', 'dole', 'clinton']	0	5.0	13.636363636363635	3	0	0	0	0	0	0	0	19
49	5	['volume', 'was', '$UNK$', 'contracts', '.']	0	4.8	[]	0	-1.0	0.0	0	0	0	0	0	0	0	0	5
50	15	['rishon', '-', 'moshe', 'sabag', '(', '10th', 'minute', ')', ',', 'nissan', '$UNK$', '(', '26th', ')', ',']	3	3.2	['rishon', 'moshe', 'sabag', 'nissan', '$UNK$']	3	5.4	33.33333333333333	2	1	0	0	1	0	0	0	10
51	2	['american', 'league']	0	7.0	['american', 'league']	0	7.0	100.0	0	0	0	0	0	0	1	1	0
52	7	['mushtaq', 'ahmed', 'c', 'crawley', 'b', 'mullally', '$NUM$']	0	4.857142857142857	['mushtaq', 'ahmed', 'crawley', 'mullally']	0	6.75	57.14285714285714	3	1	0	0	0	0	0	0	3
53	7	['$UNK$', 'gabriele', 'colombo', '(', 'italy', ')', '$NUM$']	1	4.571428571428571	['gabriele', 'colombo', 'italy']	1	6.666666666666667	42.857142857142854	1	1	1	0	0	0	0	0	4
54	6	['philadelphia', '$NUM$', '$NUM$', '.402', '$NUM$', '1/2']	1	5.666666666666667	['philadelphia']	0	12.0	16.666666666666664	0	0	0	0	1	0	0	0	5
55	16	"['the', 'statement', 'from', 'morris', 'said', 'that', 'he', 'had', 'submitted', 'his', 'resignation', 'on', 'wednesday', 'night', '.', '""']"	0	4.75	['morris']	0	6.0	6.25	1	0	0	0	0	0	0	0	15
56	24	['he', 'said', 'growth', 'in', 'customer', 'demand', 'in', 'the', 'first', 'half', 'was', '$NUM$', 'percent', 'above', 'normal', 'but', 'it', 'was', 'hard', 'to', 'maintain', 'this', 'pace', '.']	0	4.125	[]	0	-1.0	0.0	0	0	0	0	0	0	0	0	24
57	14	"['""', 'it', ""'s"", 'not', 'unfortunate', ',', 'it', ""'s"", 'incompetent', ',', '""', 'he', 'declared', '.']"	0	3.4285714285714284	[]	0	-1.0	0.0	0	0	0	0	0	0	0	0	14
58	25	['the', 'suit', 'contends', 'america', 'online', 'was', 'misappropriating', 'nba', 'property', 'by', 'providing', 'a', 'site', 'containing', 'continually', 'updated', 'scores', 'and', 'statistics', 'of', 'nba', 'games', 'in', 'progress', '.']	3	5.68	['america', 'online', 'nba', 'nba']	0	4.75	16.0	0	0	0	0	3	1	0	0	21
59	11	['1.', 'ana', 'fidelia', 'quirot', '(', 'cuba', ')', '$NUM$', 'minute', '58.98', 'seconds']	4	4.2727272727272725	['ana', 'fidelia', 'quirot', 'cuba']	3	5.0	36.36363636363637	1	2	1	0	0	0	0	0	7
60	5	['houston', '$NUM$', '$NUM$', '.534', '-']	0	4.4	['houston']	0	7.0	20.0	0	0	0	0	1	0	0	0	4
61	26	['chang', 'committed', 'an', 'untidy', '$NUM$', 'unforced', 'errors', ',', 'though', 'he', 'made', 'seven', 'fewer', 'than', 'the', 'brazilian', ',', 'who', 'also', 'walloped', 'a', 'woeful', '$NUM$', 'double', 'faults', '.']	4	4.653846153846154	['chang', 'brazilian']	0	7.0	7.6923076923076925	1	0	0	0	0	0	1	0	24
62	34	['dark', 'northern', 'spring', 'and', 'white', 'wheat', 'bids', 'were', 'mostly', 'steady', 'on', 'tuesday', 'but', 'a', 'few', 'locations', 'quoted', 'weaker', 'values', 'as', 'newly', 'harvested', 'spring', 'wheat', 'flooded', 'the', 'market', ',', 'several', 'cash', 'grain', 'dealers', 'said', '.']	0	4.882352941176471	[]	0	-1.0	0.0	0	0	0	0	0	0	0	0	34
63	3	['new', 'york', '$UNK$']	0	4.0	['new', 'york']	0	3.5	66.66666666666666	0	0	1	1	0	0	0	0	1
64	9	['odra', '$UNK$', '$NUM$', '$NUM$', '$NUM$', '$NUM$', '$NUM$', '$NUM$', '$NUM$']	0	4.888888888888889	['odra', '$UNK$']	0	4.5	22.22222222222222	0	0	0	0	1	0	0	0	7
65	8	['press', 'digest', '-', 'lebanon', '-', 'aug', '$NUM$', '.']	0	3.625	['lebanon']	0	7.0	12.5	0	0	1	0	0	0	0	0	7
66	8	['paris', '$NUM$', '$NUM$', '$NUM$', '$NUM$', '$NUM$', '$NUM$', '$NUM$']	0	5.0	['paris']	0	5.0	12.5	0	0	0	0	1	0	0	0	7
67	9	['tennis', '-', 'martinez', 'gets', 'aggressive', 'at', 'u.s.', 'open', '.']	0	4.444444444444445	['martinez', 'u.s.', 'open']	0	5.333333333333333	33.33333333333333	1	0	0	0	0	0	1	1	6
68	31	"['nocerina', ""'s"", '4-3', 'defeat', 'of', 'piacenza', 'was', 'also', 'subject', 'to', 'a', 'complaint', ',', 'later', 'removed', ',', 'that', 'forced', 'their', 'second', 'round', 'match', 'against', 'serie', 'a', 'newcomers', 'perugia', 'to', 'be', 'delayed', '.']"	1	4.548387096774194	['nocerina', 'piacenza', 'serie', 'a', 'perugia']	1	5.8	16.129032258064516	0	0	0	0	3	0	1	1	26
69	12	['tennis', '-', 'edberg', 'extends', 'grand', 'slam', 'run', ',', 'topples', 'wimbledon', 'champ', '.']	2	4.583333333333333	['edberg', 'wimbledon']	0	7.5	16.666666666666664	1	0	1	0	0	0	0	0	10
70	3	['oakland', 'at', 'baltimore']	0	6.0	['oakland', 'baltimore']	0	8.0	66.66666666666666	0	0	1	0	1	0	0	0	1
71	22	"['""', 'we', 'only', 'realised', 'after', 'voting', 'that', 'we', 'were', 'being', 'denied', 'the', 'rights', 'of', 'other', 'bosnian', 'moslems', 'to', 'choose', 'our', 'president', '.']"	0	4.454545454545454	['bosnian', 'moslems']	0	7.0	9.090909090909092	0	0	0	0	0	0	1	1	20
72	6	['ceska', 'sporitelna', '$UNK$', '$UNK$', '$NUM$', '$UNK$']	2	5.833333333333333	['ceska', 'sporitelna']	2	7.5	33.33333333333333	0	0	0	0	1	1	0	0	4
73	4	['w', 'l', 'pct', 'gb']	0	1.75	[]	0	-1.0	0.0	0	0	0	0	0	0	0	0	4
74	21	['similar', 'results', 'had', 'been', 'obtained', 'previously', 'in', 'test-tube', 'cell', 'cultures', ',', 'but', 'not', 'in', 'live', 'animals', ',', 'the', 'university', 'said', '.']	1	4.809523809523809	[]	0	-1.0	0.0	0	0	0	0	0	0	0	0	21
75	2	['boston', '$UNK$']	0	5.5	['boston']	0	6.0	50.0	0	0	1	0	0	0	0	0	1
76	36	"['stansted', 'has', 'been', 'designated', 'as', 'the', 'preferred', 'option', 'for', 'handling', 'hijackings', 'in', 'southern', 'england', 'because', 'it', 'is', 'more', 'remote', 'than', 'heathrow', 'and', 'gatwick', ',', 'london', ""'s"", 'two', 'major', 'airports', ',', 'and', 'handles', 'less', 'air', 'traffic', '.']"	1	4.916666666666667	['stansted', 'england', 'heathrow', 'gatwick', 'london']	0	7.2	13.88888888888889	0	0	5	0	0	0	0	0	31
77	2	['helsinki', '$UNK$']	0	6.5	['helsinki']	0	8.0	50.0	0	0	1	0	0	0	0	0	1
78	4	['buyers', 'sellers', 'last', 'prev']	1	5.25	[]	0	-1.0	0.0	0	0	0	0	0	0	0	0	4
79	6	['seattle', '$NUM$', '$NUM$', '.515', '$NUM$', '1/2']	0	4.833333333333333	['seattle']	0	7.0	16.666666666666664	0	0	0	0	1	0	0	0	5
80	3	['new', 'york', '$UNK$']	0	4.0	['new', 'york']	0	3.5	66.66666666666666	0	0	1	1	0	0	0	0	1
81	8	['pohang', '$NUM$', 'chonbuk', '$NUM$', '(', 'halftime', '0-0', ')']	0	4.5	['pohang', 'chonbuk']	0	6.5	25.0	0	0	0	0	2	0	0	0	6
82	18	['another', 'four', 'people', 'were', 'also', 'questioned', 'at', 'the', 'weekend', 'but', 'had', 'not', 'been', 'detained', ',', 'bourlet', 'added', '.']	0	4.555555555555555	['bourlet']	0	7.0	5.555555555555555	1	0	0	0	0	0	0	0	17
83	7	['mohammad', 'akram', '$NUM$', '$NUM$', '$NUM$', '$NUM$', '71.00']	1	5.428571428571429	['mohammad', 'akram']	0	6.5	28.57142857142857	1	1	0	0	0	0	0	0	5
84	3	['(', '1-1', ')']	0	1.6666666666666667	[]	0	-1.0	0.0	0	0	0	0	0	0	0	0	3
85	8	['-', 'bch', 'in', 'the', 'hive', 'of', 'chilean', 'pensions']	2	3.75	['bch', 'chilean']	1	5.0	25.0	0	0	0	0	1	0	1	0	6
86	5	['2.', 'lombardi', '$NUM$', 'second', 'behind']	0	5.4	['lombardi']	0	8.0	20.0	1	0	0	0	0	0	0	0	4
87	21	['the', 'second', 'round', 'was', 'the', 'entry', 'point', 'for', 'the', 'bulk', 'of', 'the', 'serie', 'a', 'sides', 'with', 'the', 'winners', 'going', 'through', '.']	0	3.9523809523809526	['serie', 'a']	0	3.0	9.523809523809524	0	0	0	0	0	0	1	1	19
88	2	['london', '$UNK$']	0	5.5	['london']	0	6.0	50.0	0	0	1	0	0	0	0	0	1
89	20	"['the', 'festival', ""'s"", 'fame', 'has', 'grown', 'and', 'now', 'attracts', 'between', '15,000', 'and', '20,000', 'people', ',', 'many', 'of', 'them', 'foreigners', '.']"	0	4.45	[]	0	-1.0	0.0	0	0	0	0	0	0	0	0	20
90	2	['japan', '$UNK$']	0	5.0	['japan']	0	5.0	50.0	0	0	1	0	0	0	0	0	1
91	17	['daoud', 'said', 'books', 'by', 'other', 'authors', ',', 'including', 'british', 'journalist', 'patrick', 'seale', ',', 'were', 'also', 'banned', '.']	1	4.882352941176471	['daoud', 'british', 'patrick', 'seale']	1	6.0	23.52941176470588	2	1	0	0	0	0	1	0	13
92	12	['these', 'are', 'the', 'leading', 'stories', 'in', 'the', 'tunisian', 'press', 'on', 'monday', '.']	0	4.333333333333333	['tunisian']	0	8.0	8.333333333333332	0	0	0	0	0	0	1	0	11
93	8	['montpellier', '$NUM$', '$NUM$', '$NUM$', '$NUM$', '$NUM$', '$NUM$', '$NUM$']	0	5.75	['montpellier']	0	11.0	12.5	0	0	0	0	1	0	0	0	7
94	18	"['two', 'civilians', 'were', 'killed', 'in', 'the', 'iraqi', 'bombing', ',', '""', 'irna', 'quoted', 'the', 'radio', 'report', 'as', 'saying', '.']"	0	4.111111111111111	['iraqi', 'irna']	0	4.5	11.11111111111111	0	0	0	0	1	0	1	0	16
95	2	['belgrade', '$UNK$']	0	6.5	['belgrade']	0	8.0	50.0	0	0	1	0	0	0	0	0	1
96	8	['the', 'league', 'season', 'starts', 'on', 'september', '$NUM$', '.']	0	4.75	[]	0	-1.0	0.0	0	0	0	0	0	0	0	0	8
97	8	['$UNK$', '$NUM$', '$NUM$', '$NUM$', '$NUM$', '$NUM$', '$NUM$', '$NUM$']	0	5.0	['$UNK$']	0	5.0	12.5	0	0	0	0	0	0	0	0	7
98	36	"['""', 'but', 'before', 'going', ',', 'i', 'would', 'have', 'big', 'signs', 'put', 'up', 'in', 'all', 'government', 'offices', ',', 'those', 'to', 'do', 'with', 'justice', ',', 'in', 'all', 'sectors', ',', 'with', 'the', 'ten', 'commandments', ',', '""', 'he', 'added', '.']"	0	3.5555555555555554	['ten', 'commandments']	0	7.5	5.555555555555555	0	0	0	0	0	0	1	1	34
99	8	['lancashire', '$NUM$', '$NUM$', '$NUM$', '$NUM$', '$NUM$', '$NUM$', '$NUM$']	0	5.625	['lancashire']	0	10.0	12.5	0	0	0	0	1	0	0	0	7
100	23	['he', 'has', 'since', 'named', 'a', 'prime', 'minister', 'for', 'the', 'first', 'time', 'since', 'early', 'in', 'his', 'rule', 'and', 'ordered', 'a', 'crackdown', 'on', 'corruption', '.']	0	4.173913043478261	[]	0	-1.0	0.0	0	0	0	0	0	0	0	0	23
101	8	['(', 'millions', 'of', 'guilders', 'unless', 'otherwise', 'stated', ')']	0	5.125	[]	0	-1.0	0.0	0	0	0	0	0	0	0	0	8
102	26	"['a', 'gunman', 'being', 'hunted', 'on', 'auckland', ""'s"", 'north', 'shore', 'was', 'captured', 'by', 'police', 'just', 'after', '$NUM$', 'a.m.', 'on', 'tuesday', ',', 'new', 'zealand', 'press', 'association', 'reported', '.']"	1	4.6923076923076925	['auckland', 'north', 'shore', 'new', 'zealand', 'press', 'association']	0	6.285714285714286	26.923076923076923	0	0	2	1	1	3	0	0	19
103	9	['aston', 'villa', '$NUM$', '$NUM$', '$NUM$', '$NUM$', '$NUM$', '$NUM$', '$NUM$']	0	5.0	['aston', 'villa']	0	5.0	22.22222222222222	0	0	0	0	1	1	0	0	7
104	6	['french', 'shares', 'end', 'fractionally', 'weaker', '.']	0	5.666666666666667	['french']	0	6.0	16.666666666666664	0	0	0	0	0	0	1	0	5
105	7	['nigeria', 'would', 'not', 'refuse', 'commonwealth', 'officials', '.']	0	6.142857142857143	['nigeria', 'commonwealth']	0	9.5	28.57142857142857	0	0	1	0	1	0	0	0	5
106	4	['brann', '$NUM$', 'start', '$NUM$']	0	5.0	['brann', 'start']	0	5.0	50.0	0	0	0	0	2	0	0	0	2
107	8	['--', 'dimitris', 'kontogiannis', ',', 'athens', 'newsroom', '$UNK$', '$UNK$']	0	5.875	['dimitris', 'kontogiannis', 'athens', 'newsroom']	0	8.5	50.0	1	1	0	0	1	1	0	0	4
108	45	['according', 'to', 'a', 'new', 'release', 'from', 'the', 'governor', ',', 'wisconsin', 'submitted', 'a', 'plan', 'to', 'the', 'u.s.', 'department', 'of', 'health', 'and', 'human', 'services', 'for', 'administration', 'of', 'the', 'new', 'block', 'grant', 'system', 'for', 'welfare', 'just', 'minutes', 'after', 'president', 'bill', 'clinton', 'signed', 'the', 'measure', 'into', 'law', 'thursday', '.']	0	4.955555555555556	['wisconsin', 'u.s.', 'department', 'of', 'health', 'and', 'human', 'services', 'bill', 'clinton']	0	5.8	22.22222222222222	1	1	1	0	1	6	0	0	35
109	4	['allentown', ',', 'pa', '.']	1	3.25	['allentown', 'pa']	1	5.5	50.0	0	0	2	0	0	0	0	0	2
110	4	['issuer', ':', 'fairview', 'town']	0	4.75	['fairview', 'town']	0	6.0	50.0	0	0	1	1	0	0	0	0	2
111	2	['madrid', '$UNK$']	0	5.5	['madrid']	0	6.0	50.0	0	0	1	0	0	0	0	0	1
112	23	['$UNK$', 'all-rounders', 'nicky', 'boje', 'and', 'derek', 'crookes', 'replace', 'pollock', 'and', 'adams', ',', 'while', 'gibbs', 'comes', 'in', 'for', 'his', 'western', 'province', 'colleague', 'kallis', '.']	1	5.130434782608695	['nicky', 'boje', 'derek', 'crookes', 'pollock', 'adams', 'gibbs', 'western', 'province', 'kallis']	0	5.9	43.47826086956522	6	2	0	0	1	1	0	0	13
113	14	['the', 'number', 'of', 'casinos', 'has', 'soared', 'in', 'moscow', 'since', 'the', 'collapse', 'of', 'communism', '.']	1	4.5	['moscow']	0	6.0	7.142857142857142	0	0	1	0	0	0	0	0	13
114	10	['-', 'confrontation', 'is', 'escalating', 'between', 'hizbollah', 'and', 'the', 'government', '.']	0	5.9	['hizbollah']	0	9.0	10.0	0	0	0	0	1	0	0	0	9
115	8	['heerenveen', '$NUM$', '$NUM$', '$NUM$', '$NUM$', '$NUM$', '$NUM$', '$NUM$']	0	5.625	['heerenveen']	0	10.0	12.5	0	0	0	0	1	0	0	0	7
116	7	['for', ',', 'against', ',', 'points', ')', ':']	0	2.857142857142857	[]	0	-1.0	0.0	0	0	0	0	0	0	0	0	7
117	19	['it', 'said', 'the', 'row', 'started', 'when', 'popov', 'and', 'a', 'group', 'of', 'his', 'friends', 'were', 'returning', 'from', 'a', 'party', '.']	0	3.8421052631578947	['popov']	0	5.0	5.263157894736842	1	0	0	0	0	0	0	0	18
118	9	['msv', 'duisburg', '$NUM$', '$NUM$', '$NUM$', '$NUM$', '$NUM$', '$NUM$', '$NUM$']	0	5.111111111111111	['msv', 'duisburg']	0	5.5	22.22222222222222	0	0	0	0	1	1	0	0	7
119	8	['swindon', '$NUM$', '$NUM$', '$NUM$', '$NUM$', '$NUM$', '$NUM$', '$NUM$']	0	5.25	['swindon']	0	7.0	12.5	0	0	0	0	1	0	0	0	7
120	10	['-', 'new', 'orders', 'received', '(', 'billions', ')', '1.00', 'vs', '1.09']	0	3.8	[]	0	-1.0	0.0	0	0	0	0	0	0	0	0	10
121	48	"['""', 'i', 'would', 'like', 'to', 'no', '(', 'sic', ')', 'if', 'you', 'are', 'still', 'in', 'slavery', 'if', 'you', 'are', ',', 'it', 'will', 'not', 'be', 'long', 'before', 'we', 'shall', 'have', 'crushed', 'the', 'system', 'that', 'now', '$UNK$', 'you', 'for', 'in', 'the', 'course', 'of', 'three', 'months', 'you', 'shall', 'have', 'your', 'liberty', '.']"	1	3.4375	[]	0	-1.0	0.0	0	0	0	0	0	0	0	0	48
122	3	['$UNK$', 'russia', '8.03']	1	5.0	['russia']	0	6.0	33.33333333333333	0	0	1	0	0	0	0	0	2
123	7	['st', 'louis', '$NUM$', '$NUM$', '.523', '$NUM$', '1/2']	0	4.142857142857143	['st', 'louis']	0	3.5	28.57142857142857	0	0	0	0	1	1	0	0	5
124	7	['2.', 'john', 'mayock', '(', 'britain', ')', '$UNK$']	0	3.7142857142857144	['john', 'mayock', 'britain']	0	5.666666666666667	42.857142857142854	1	1	1	0	0	0	0	0	4
125	9	"['harding', 'says', 'others', 'have', 'done', 'the', 'same', '.', '""']"	0	3.7777777777777777	['harding']	0	7.0	11.11111111111111	1	0	0	0	0	0	0	0	8
126	5	['toronto', '$NUM$', '$NUM$', '.470', '$NUM$']	0	5.2	['toronto']	0	7.0	20.0	0	0	0	0	1	0	0	0	4
127	13	['jonathon', 'power', '(', 'canada', ')', 'beat', 'ahmed', 'barada', '(', 'egypt', ')', '11-15', '8-15']	1	4.0	['jonathon', 'power', 'canada', 'ahmed', 'barada', 'egypt']	1	5.833333333333333	46.15384615384615	2	2	2	0	0	0	0	0	7
128	34	"['the', 'names', 'had', 'been', 'scheduled', 'to', 'decide', 'whether', 'to', 'accept', 'or', 'reject', 'the', 'offer', 'by', '$NUM$', 'gmt', 'wednesday', ',', 'but', 'lloyd', ""'s"", 'chairman', 'david', 'rowland', 'said', 'on', 'tuesday', 'the', 'offer', 'would', 'be', 'extended', '.']"	1	4.411764705882353	"['names', 'gmt', 'lloyd', ""'s"", 'david', 'rowland']"	1	4.5	17.647058823529413	1	1	0	0	1	1	2	0	28
129	3	['new', 'york', '$UNK$']	0	4.0	['new', 'york']	0	3.5	66.66666666666666	0	0	1	1	0	0	0	0	1
130	31	['he', 'said', 'australian', 'diplomats', 'in', 'nairobi', 'were', 'working', 'with', 'the', 'roman', 'catholic', 'church', 'in', 'southern', 'sudan', 'and', 'with', 'u.s.', 'and', 'italian', 'diplomats', 'in', 'the', 'region', 'to', 'help', 'free', 'the', 'missionaries', '.']	0	4.935483870967742	['australian', 'nairobi', 'roman', 'catholic', 'sudan', 'u.s.', 'italian']	0	6.571428571428571	22.58064516129032	0	0	3	0	0	0	3	1	24
131	8	['atria', 'sees', 'h2', 'result', 'up', 'on', 'h1', '.']	0	3.0	['atria']	0	5.0	12.5	0	0	0	0	1	0	0	0	7
132	6	['lows', '$UNK$', '(', '$UNK$', ')', '.']	0	2.8333333333333335	[]	0	-1.0	0.0	0	0	0	0	0	0	0	0	6
133	11	"['soccer', '-', 'vogts', 'keeps', 'faith', 'with', 'euro', ""'"", '$NUM$', 'champions', '.']"	0	4.181818181818182	"['vogts', 'euro', ""'"", '$NUM$']"	0	3.75	36.36363636363637	1	0	0	0	0	0	1	1	7
134	8	['$UNK$', 'george', 'hincapie', '(', 'usa', ')', 'motorola', '$UNK$']	0	4.625	['george', 'hincapie', 'usa', 'motorola']	0	6.25	50.0	1	1	1	0	1	0	0	0	4
135	20	"['""', 'i', 'think', 'that', 'it', 'would', 'be', 'very', 'difficult', 'to', 'select', 'which', 'municipal', 'elections', 'would', 'have', 'to', 'be', 'cancelled', '.']"	0	4.35	[]	0	-1.0	0.0	0	0	0	0	0	0	0	0	20
136	31	"['this', 'year', ""'s"", 'harvest', 'is', 'down', 'from', 'last', 'year', ""'s"", '36.5', 'million', 'tonne', 'harvest', ',', 'which', 'in', 'turn', 'compares', 'with', '$NUM$', 'million', 'tonnes', 'in', '$NUM$', ',', 'the', 'year', 'before', 'independence', '.']"	1	4.387096774193548	[]	0	-1.0	0.0	0	0	0	0	0	0	0	0	31
137	7	['extras', '(', 'b-2', '$UNK$', '$UNK$', ')', '$NUM$']	1	3.7142857142857144	[]	0	-1.0	0.0	0	0	0	0	0	0	0	0	7
138	32	['the', 'statement', 'said', 'the', 'puk', 'resumed', 'its', 'attack', 'on', 'monday', 'morning', 'on', 'kdp', 'positions', 'near', '$UNK$', 'and', 'indiscriminately', 'shelled', 'the', 'town', 'of', 'dayana', ',', 'killing', 'a', 'priest', 'and', 'injuring', 'some', 'civilians', '.']	2	4.90625	['puk', 'kdp', '$UNK$', 'dayana']	1	4.25	12.5	0	0	1	0	2	0	0	0	28
139	11	['guillaume', 'raoux', '(', 'france', ')', 'vs.', 'filip', 'dewulf', '(', 'belgium', ')']	0	4.090909090909091	['guillaume', 'raoux', 'france', 'filip', 'dewulf', 'belgium']	0	6.333333333333333	54.54545454545454	2	2	2	0	0	0	0	0	5
140	9	['afghan', 'uae', 'embassy', 'says', 'taleban', 'guards', 'going', 'home', '.']	0	4.777777777777778	['afghan', 'uae', 'taleban']	0	5.333333333333333	33.33333333333333	0	0	1	0	0	0	2	0	6
141	10	['athletics', '-', 'salah', 'hissou', 'breaks', '10,000', 'metres', 'world', 'record', '.']	0	5.1	['salah', 'hissou']	0	5.5	20.0	1	1	0	0	0	0	0	0	8
142	23	"['the', 'train', 'was', 'derailed', 'when', 'a', 'corner', 'of', 'the', 'driver', ""'s"", 'compartment', 'caught', 'the', 'rear', 'of', 'the', 'truck', ',', 'the', 'spokesman', 'said', '.']"	0	4.130434782608695	[]	0	-1.0	0.0	0	0	0	0	0	0	0	0	23
143	20	['by', '$NUM$', 'gmt', 'the', 'shares', 'were', 'down', '1.70', 'guilders', 'to', '61.00', 'guilders', ',', 'falling', 'in', 'a', 'weaker', 'amsterdam', 'bourse', '.']	2	4.35	['gmt', 'amsterdam']	0	6.0	10.0	0	0	1	0	0	0	1	0	18
144	6	['$NUM$', 'seiki', 'okuda', '(', 'japan', ')']	0	3.6666666666666665	['seiki', 'okuda', 'japan']	0	5.0	50.0	1	1	1	0	0	0	0	0	3
145	21	['the', 'government', 'had', 'been', 'threatening', 'to', 'fire', 'the', 'workers', 'since', 'the', 'strike', 'began', 'on', 'tuesday', ',', 'saying', 'it', 'was', 'illegal', '.']	0	4.523809523809524	[]	0	-1.0	0.0	0	0	0	0	0	0	0	0	21
146	11	['the', 'july', 'index', 'matched', 'the', 'reading', 'for', 'july', ',', '$NUM$', '.']	1	3.909090909090909	[]	0	-1.0	0.0	0	0	0	0	0	0	0	0	11
147	9	['ajax', 'amsterdam', '$NUM$', '$NUM$', '$NUM$', '$NUM$', '$NUM$', '$NUM$', '$NUM$']	0	5.333333333333333	['ajax', 'amsterdam']	0	6.5	22.22222222222222	0	0	0	0	1	1	0	0	7
148	33	['under', 'the', 'election', 'rules', 'citizens', 'vote', 'for', 'a', 'three-man', 'presidency', 'and', 'house', 'of', 'representatives', 'for', 'all', '$UNK$', 'and', 'for', 'assemblies', 'and', 'cantonal', 'seats', 'in', 'either', 'the', '$UNK$', 'federation', 'or', 'the', 'republika', '$UNK$', '.']	0	5.151515151515151	['house', 'of', 'representatives', '$UNK$', '$UNK$', 'federation', 'republika', '$UNK$']	0	7.0	24.242424242424242	0	0	1	1	1	2	0	0	25
149	8	['internet', 'startup', 'funded', 'to', 'develop', 'java', 'software', '.']	0	5.375	['internet', 'startup', 'java']	0	6.333333333333333	37.5	0	0	0	0	1	1	1	0	5
150	3	['cleveland', 'at', 'detroit']	0	6.0	['cleveland', 'detroit']	0	8.0	66.66666666666666	0	0	1	0	1	0	0	0	1
151	19	['david', 'nainkin', '(', 'south', 'africa', ')', 'beat', '$NUM$', '-', 'wayne', 'ferreira', '(', 'south', 'africa', ')', '6-4', '6-4', '2-6', '7-5']	0	3.8421052631578947	['david', 'nainkin', 'south', 'africa', 'wayne', 'ferreira', 'south', 'africa']	0	5.875	42.10526315789473	2	2	2	2	0	0	0	0	11
152	2	['seoul', '$UNK$']	0	5.0	['seoul']	0	5.0	50.0	0	0	1	0	0	0	0	0	1
153	33	"['""', 'we', 'do', ""n't"", 'support', 'any', 'such', 'recommendation', 'because', 'we', 'do', ""n't"", 'see', 'any', 'grounds', 'for', 'it', ',', '""', 'the', 'commission', ""'s"", 'chief', 'spokesman', 'nikolaus', 'van', 'der', 'pas', 'told', 'a', 'news', 'briefing', '.']"	2	4.0606060606060606	['commission', 'nikolaus', 'van', 'der', 'pas']	2	5.4	15.151515151515152	1	3	0	0	1	0	0	0	28
154	8	['(', 'apr', '$NUM$', ')', '(', 'jan', '$NUM$', ')']	0	2.5	[]	0	-1.0	0.0	0	0	0	0	0	0	0	0	8
155	9	['$UNK$', 'jean-pierre', 'van', 'zyl', '(', 'south', 'africa', ')', '$UNK$']	1	4.444444444444445	['jean-pierre', 'van', 'zyl', 'south', 'africa']	1	5.6	55.55555555555556	1	2	1	1	0	0	0	0	4
156	16	['this', 'decision', 'will', 'result', 'in', 'the', 'reimbursement', 'by', 'medicare', 'of', '$', '81,000', 'in', 'disputed', 'costs', '.']	1	4.6875	['medicare']	0	8.0	6.25	0	0	0	0	0	0	1	0	15
157	10	['cricket', '-', 'gooch', 'to', 'play', 'another', 'season', 'for', 'essex', '.']	0	4.1	['gooch', 'essex']	0	5.0	20.0	1	0	1	0	0	0	0	0	8
158	37	"['pretoria', ',', 'aug', '$NUM$', '-', 'captain', 'sean', 'fitzpatrick', 'and', 'his', 'all', 'blacks', 'revisited', 'the', 'test', 'venue', 'today', 'to', 'relive', 'some', 'of', 'the', 'magic', 'moments', 'of', 'yesterday', ""'s"", 'momentous', 'rugby', 'victory', 'over', 'south', 'africa', ',', 'nzpa', 'reported', '.']"	3	4.675675675675675	['pretoria', 'sean', 'fitzpatrick', 'all', 'blacks', 'south', 'africa', 'nzpa']	1	5.875	21.62162162162162	1	1	2	1	2	1	0	0	29
159	36	"['acc', ""'s"", 'own', 'export', 'performance', 'was', 'marginally', 'better', 'than', 'in', '1994/95', 'on', 'account', 'of', 'a', '$NUM$', 'percent', 'rise', 'in', 'exports', 'to', 'nepal', 'and', 'the', 'opening', 'of', 'a', 'new', 'market', '-', 'sri', 'lanka', ',', 'he', 'said', '.']"	0	3.9722222222222223	['acc', 'nepal', 'sri', 'lanka']	0	4.0	11.11111111111111	0	0	2	1	1	0	0	0	32
160	23	['lauck', ',', 'from', 'lincoln', ',', 'nebraska', ',', 'yelled', 'a', 'tirade', 'of', 'abuse', 'at', 'the', 'court', 'after', 'his', 'conviction', 'for', 'inciting', 'racial', 'hatred', '.']	2	4.304347826086956	['lauck', 'lincoln', 'nebraska']	0	6.666666666666667	13.043478260869565	1	0	2	0	0	0	0	0	20
161	40	['thousands', 'of', 'books', 'were', 'banned', 'from', 'sale', 'in', 'the', 'west', 'bank', 'and', 'gaza', 'strip', 'by', 'the', 'israeli', 'military', 'authorities', 'before', 'the', 'jewish', 'state', 'handed', 'over', 'parts', 'of', 'the', 'two', 'areas', 'to', 'the', 'plo', 'under', 'a', 'self-rule', 'deal', 'in', '$NUM$', '.']	0	4.325	['west', 'bank', 'gaza', 'strip', 'israeli', 'jewish', 'plo']	0	4.714285714285714	17.5	0	0	2	2	1	0	2	0	33
162	4	['w', 'l', 'pct', 'gb']	0	1.75	[]	0	-1.0	0.0	0	0	0	0	0	0	0	0	4
163	14	['it', 'said', 'about', '$NUM$', 'iraqi', 'kurds', 'were', 'killed', 'or', 'wounded', 'in', 'the', 'attack', '.']	0	4.071428571428571	['iraqi', 'kurds']	0	5.0	14.285714285714285	0	0	0	0	0	0	1	1	12
164	7	['researchers', 'report', 'progress', 'in', 'muscular', 'dystrophy', '.']	0	6.428571428571429	[]	0	-1.0	0.0	0	0	0	0	0	0	0	0	7
165	7	['$UNK$', 'jeroen', 'blijlevens', '(', '$UNK$', ')', 'tvm']	0	4.428571428571429	['jeroen', 'blijlevens', '$UNK$', 'tvm']	0	6.0	57.14285714285714	1	1	0	0	1	0	0	0	3
166	6	['two', 'died', 'later', 'in', 'hospital', '.']	0	3.8333333333333335	[]	0	-1.0	0.0	0	0	0	0	0	0	0	0	6
167	9	['south', 'african', 'answers', 'u.s.', 'message', 'in', 'a', 'bottle', '.']	0	4.444444444444445	['south', 'african', 'u.s.']	0	5.333333333333333	33.33333333333333	0	0	1	0	0	0	1	1	6
168	47	['yeltsin', ',', '$NUM$', ',', 'has', 'kept', 'a', 'low', 'profile', 'since', 'he', 'was', 'reelected', 'in', 'july', ',', 'prompting', 'new', 'speculation', 'that', 'the', 'two', 'heart', 'attacks', 'he', 'suffered', 'last', 'year', 'and', 'a', 'rumoured', 'drinking', 'problem', 'could', 'be', 'taking', 'their', 'toll', ',', 'weakening', 'his', 'grip', 'on', 'affairs', 'of', 'state', '.']	3	4.340425531914893	['yeltsin']	0	7.0	2.127659574468085	1	0	0	0	0	0	0	0	46
169	9	['dole', 'blasts', 'clinton', 'for', 'ignoring', 'teen', 'drug', 'use', '.']	0	4.444444444444445	['dole', 'clinton']	0	5.5	22.22222222222222	2	0	0	0	0	0	0	0	7
170	13	['dally', 'randriantefy', '(', 'madagascar', ')', 'beat', 'jane', 'chi', '(', 'u.s.', ')', '6-3', '6-1']	0	4.0	['dally', 'randriantefy', 'madagascar', 'jane', 'chi', 'u.s.']	0	6.333333333333333	46.15384615384615	2	2	2	0	0	0	0	0	7
171	8	['metalurg', '$NUM$', '$NUM$', '$NUM$', '$NUM$', '$NUM$', '$NUM$', '$NUM$']	0	5.375	['metalurg']	0	8.0	12.5	0	0	0	0	1	0	0	0	7
172	2	['toronto', '$UNK$']	0	6.0	['toronto']	0	7.0	50.0	0	0	1	0	0	0	0	0	1
173	9	['western', 'reds', '$NUM$', '$NUM$', '$NUM$', '$NUM$', '$NUM$', '$NUM$', '$NUM$']	0	5.111111111111111	['western', 'reds']	0	5.5	22.22222222222222	0	0	0	0	1	1	0	0	7
174	35	"['""', 'the', 'islamic', 'republic', 'of', 'iran', 'has', 'reported', 'some', '$NUM$', 'new', 'cases', 'of', 'ceasefire', 'violations', 'by', 'the', 'iraqi', 'regime', 'between', 'march', '$NUM$', 'and', 'may', '$NUM$', ',', '$NUM$', ',', '""', 'it', 'reported', 'from', 'new', 'york', '.']"	0	4.228571428571429	['islamic', 'republic', 'of', 'iran', 'iraqi', 'new', 'york']	0	4.714285714285714	20.0	0	0	2	4	0	0	1	0	28
175	25	['a', 'kse', 'statement', 'said', 'the', 'recomposed', 'index', 'would', 'be', 'more', 'representative', ',', 'capturing', 'market', 'capitalisation', 'of', '82.3', 'percent', ',', 'up', 'from', '79.9', 'percent', 'previously', '.']	2	5.28	['kse']	0	3.0	4.0	0	0	0	0	1	0	0	0	24
176	4	['(', 'switzerland', ')', '$NUM$']	0	4.5	['switzerland']	0	11.0	25.0	0	0	1	0	0	0	0	0	3
177	31	['gough', 'later', 'bowled', 'moin', 'khan', 'with', 'an', 'inswinging', 'yorker', 'but', 'inzamam-ul-haq', ',', '$NUM$', 'not', 'out', ',', 'and', 'salim', 'malik', 'took', 'pakistan', 'to', '$NUM$', 'for', 'five', 'when', 'the', 'overs', 'ran', 'out', '.']	1	4.32258064516129	['gough', 'moin', 'khan', 'inzamam-ul-haq', 'salim', 'malik', 'pakistan']	0	6.428571428571429	22.58064516129032	4	2	1	0	0	0	0	0	24
178	2	['leon', 'barkho']	1	5.0	['leon', 'barkho']	1	5.0	100.0	1	1	0	0	0	0	0	0	0
179	33	"['milan', ""'s"", 'player', 'of', 'the', 'year', 'george', 'weah', 'missed', 'a', 'good', 'first', 'half', 'opportunity', 'but', 'otherwise', 'looked', 'a', 'little', 'rusty', 'while', 'italian', 'team', 'mate', 'roberto', 'baggio', 'did', 'not', 'play', 'due', 'to', 'injury', '.']"	0	4.484848484848484	['milan', 'george', 'weah', 'italian', 'roberto', 'baggio']	0	5.833333333333333	18.181818181818183	2	2	0	0	1	0	1	0	27
180	27	['two', 'key', 'players', 'left', 'a', 'brazilian', 'championship', 'match', 'early', 'on', 'sunday', 'because', 'they', 'had', 'to', 'catch', 'a', 'plane', 'to', 'russia', 'to', 'play', 'with', 'the', 'national', 'team', '.']	0	4.37037037037037	['brazilian', 'russia']	0	7.5	7.4074074074074066	0	0	1	0	0	0	1	0	25
181	2	['amsterdam', '$UNK$']	0	7.0	['amsterdam']	0	9.0	50.0	0	0	1	0	0	0	0	0	1
182	1	['6-2']	0	3.0	[]	0	-1.0	0.0	0	0	0	0	0	0	0	0	1
183	6	['san', 'diego', '$NUM$', '$NUM$', '.549', '-']	1	3.8333333333333335	['san', 'diego']	0	4.0	33.33333333333333	0	0	0	0	1	1	0	0	4
184	6	"['women', ""'s"", 'singles', ',', 'second', 'round']"	0	4.333333333333333	[]	0	-1.0	0.0	0	0	0	0	0	0	0	0	6
185	2	['sydney', '$UNK$']	0	5.5	['sydney']	0	6.0	50.0	0	0	1	0	0	0	0	0	1
186	2	['manila', '$UNK$']	0	5.5	['manila']	0	6.0	50.0	0	0	1	0	0	0	0	0	1
187	2	['london', '$UNK$']	0	5.5	['london']	0	6.0	50.0	0	0	1	0	0	0	0	0	1
188	2	['auth', '.']	0	2.5	['auth', '.']	0	2.5	100.0	0	0	0	0	1	1	0	0	0
189	39	"['ruth', 'perry', ',', 'the', 'woman', 'with', 'the', 'task', 'of', 'uniting', 'liberia', ""'s"", 'squabbling', 'factions', 'around', 'the', 'latest', 'peace', 'plan', ',', 'will', 'be', 'formally', 'installed', 'as', 'head', 'of', 'the', 'ruling', 'state', 'council', 'next', 'tuesday', ',', 'a', 'council', 'statement', 'said', '.']"	2	4.512820512820513	['ruth', 'perry', 'liberia', 'state', 'council', 'council']	0	5.833333333333333	15.384615384615385	1	1	1	0	2	1	0	0	33
190	7	['5.', 'linford', 'christie', '(', 'britain', ')', '10.14']	0	4.428571428571429	['linford', 'christie', 'britain']	0	7.333333333333333	42.857142857142854	1	1	1	0	0	0	0	0	4
191	35	['of', 'the', '$NUM$', '$UNK$', 'size', 'corporations', 'surveyed', ',', '$NUM$', 'percent', 'had', 'undergone', 'a', 'major', 'restructuring', 'in', 'the', 'last', 'three', 'years', ',', 'and', 'more', 'than', 'two-thirds', 'reported', 'that', 'productivity', 'and', 'profits', 'were', 'up', 'as', 'result', '.']	0	4.942857142857143	[]	0	-1.0	0.0	0	0	0	0	0	0	0	0	35
192	16	['december', 'comex', 'settled', '0.35', 'cent', 'higher', 'at', '90.20', 'cents', ',', 'traded', '90.50', 'to', '89.40', 'cents', '.']	4	4.4375	['comex']	0	5.0	6.25	0	0	0	0	1	0	0	0	15
193	3	['california', 'at', 'baltimore']	0	7.0	['california', 'baltimore']	0	9.5	66.66666666666666	0	0	1	0	1	0	0	0	1
194	21	"['""', 'we', 'have', 'always', 'avoided', 'the', 'question', 'of', 'numbers', 'of', 'animals', 'to', 'be', 'slaughtered', ',', 'that', ""'s"", 'not', 'the', 'issue', '.']"	0	3.9523809523809526	[]	0	-1.0	0.0	0	0	0	0	0	0	0	0	21
195	30	['the', 'city', 'of', 'grozny', ',', 'pounded', 'by', 'russian', 'planes', 'and', 'artillery', 'for', 'hours', 'on', 'wednesday', ',', 'calmed', 'down', 'overnight', ',', 'although', 'sporadic', 'explosions', 'and', 'shooting', 'could', 'still', 'be', 'heard', '.']	3	4.833333333333333	['grozny', 'russian']	0	6.5	6.666666666666667	0	0	1	0	0	0	1	0	28
196	15	"['""', 'these', '(', 'writings', ')', 'are', 'not', 'only', 'poetic', 'but', 'a', 'linguistic', 'treasure', 'trove', '.']"	4	4.0	[]	0	-1.0	0.0	0	0	0	0	0	0	0	0	15
197	2	['johannesburg', '$UNK$']	0	8.5	['johannesburg']	0	12.0	50.0	0	0	1	0	0	0	0	0	1
198	11	['jonathan', 'lomas', ',', 'jose', 'rivero', '(', 'spain', ')', ',', 'robert', 'karlsson']	0	4.181818181818182	['jonathan', 'lomas', 'jose', 'rivero', 'spain', 'robert', 'karlsson']	0	6.0	63.63636363636363	3	3	1	0	0	0	0	0	4
199	20	['$NUM$', '-', 'rodney', 'eyles', '(', 'australia', ')', 'beat', 'zubair', 'jahan', 'khan', '(', 'pakistan', ')', '15-10', '15-8', '9-15', '13-15', '15-4', '.']	0	4.0	['rodney', 'eyles', 'australia', 'zubair', 'jahan', 'khan', 'pakistan']	0	6.142857142857143	35.0	2	3	2	0	0	0	0	0	13
200	16	['lisa', 'raymond', '(', 'u.s.', ')', 'beat', 'lori', 'mcneil', '(', 'u.s.', ')', '7-6', '(', '8-6', ')', '6-3']	1	3.0	['lisa', 'raymond', 'u.s.', 'lori', 'mcneil', 'u.s.']	1	4.833333333333333	37.5	2	2	2	0	0	0	0	0	10
201	6	['league', 'soccer', 'match', 'on', 'monday', ':']	0	4.333333333333333	[]	0	-1.0	0.0	0	0	0	0	0	0	0	0	6
202	29	"['""', 'at', 'the', 'same', 'time', ',', 'it', ""'s"", 'an', 'advantage', 'for', '$UNK$', 'that', 'it', 'has', 'a', 'foreign', 'management', 'which', 'perhaps', 'understands', 'the', 'market', 'better', ',', '""', 'erdei', 'added', '.']"	0	4.0	['$UNK$', 'erdei']	0	5.0	6.896551724137931	1	0	0	0	0	0	0	0	27
203	4	['pakistan', 'declared', 'their', 'first']	0	6.5	['pakistan']	0	8.0	25.0	0	0	1	0	0	0	0	0	3
204	7	['2.', 'patrick', 'sang', '(', 'kenya', ')', '$UNK$']	0	3.5714285714285716	['patrick', 'sang', 'kenya']	0	5.333333333333333	42.857142857142854	1	1	1	0	0	0	0	0	4
205	2	['30,000', '.']	0	3.5	[]	0	-1.0	0.0	0	0	0	0	0	0	0	0	2
206	5	['fortuna', 'sittard', '$NUM$', 'heerenveen', '$NUM$']	0	6.8	['fortuna', 'sittard', 'heerenveen']	0	8.0	60.0	0	0	0	0	2	1	0	0	2
207	7	['$UNK$', 'rubens', 'barrichello', '(', 'brazil', ')', '$NUM$']	0	5.0	['rubens', 'barrichello', 'brazil']	0	7.666666666666667	42.857142857142854	1	1	1	0	0	0	0	0	4
208	19	"['""', 'the', 'united', 'kingdom', 'looks', 'forward', 'to', 'the', 'early', 'signature', 'of', 'the', 'treaty', ',', '""', 'the', 'statement', 'said', '.']"	0	4.105263157894737	['united', 'kingdom']	0	6.5	10.526315789473683	0	0	1	1	0	0	0	0	17
209	44	"['tsang', ',', 'who', 'made', 'the', 'remarks', 'during', 'a', 'visit', 'to', 'new', 'zealand', ',', 'also', 'spoke', 'strongly', 'in', 'favour', 'of', 'keeping', 'the', 'hong', 'kong', 'dollar', 'pegged', 'to', 'its', 'u.s.', 'counterpart', ',', 'and', 'said', 'negotiations', 'with', 'china', 'on', 'next', 'year', ""'s"", 'budget', 'were', 'going', 'smoothly', '.']"	0	4.318181818181818	['tsang', 'new', 'zealand', 'hong', 'kong', 'u.s.', 'china']	0	4.571428571428571	15.909090909090908	1	0	4	2	0	0	0	0	37
210	10	['kapil', 'dev', '(', 'india', ')', '$NUM$', 'wickets', ',', '$NUM$', 'tests']	2	3.8	['kapil', 'dev', 'india']	2	4.333333333333333	30.0	1	1	1	0	0	0	0	0	7
211	2	['al', '$UNK$']	0	3.5	['al', '$UNK$']	0	3.5	100.0	0	0	0	0	1	0	0	0	0
212	10	"['baseball', '-', 'major', 'league', 'standings', 'after', 'thursday', ""'s"", 'games', '.']"	0	5.0	['major', 'league']	0	5.5	20.0	0	0	0	0	0	0	1	1	8
213	22	['bugno', 'tested', 'positive', 'for', 'the', 'banned', 'hormone', 'after', 'the', 'fifth', 'stage', 'of', 'the', 'tour', ',', 'in', 'which', 'he', 'finished', 'third', 'overall', '.']	0	4.363636363636363	['bugno', 'tour']	0	4.5	9.090909090909092	1	0	0	0	0	0	1	0	20
214	2	['bonn', '$UNK$']	0	4.5	['bonn']	0	4.0	50.0	0	0	1	0	0	0	0	0	1
215	13	['sandrine', 'testud', '(', 'france', ')', 'beat', 'pam', 'shriver', '(', 'u.s.', ')', '7-5', '6-2']	2	3.6923076923076925	['sandrine', 'testud', 'france', 'pam', 'shriver', 'u.s.']	2	5.666666666666667	46.15384615384615	2	2	2	0	0	0	0	0	7
216	6	['j.', 'crawley', 'b', 'waqar', 'younis', '$NUM$']	0	4.333333333333333	['j.', 'crawley', 'waqar', 'younis']	0	5.0	66.66666666666666	2	2	0	0	0	0	0	0	2
217	14	['$NUM$', '-', 'peter', 'nicol', '(', 'scotland', ')', 'beat', 'julian', 'wellings', '(', 'england', ')', '15-8']	1	4.071428571428571	['peter', 'nicol', 'scotland', 'julian', 'wellings', 'england']	1	6.5	42.857142857142854	2	2	2	0	0	0	0	0	8
218	45	"['they', 'have', 'not', 'lifted', 'a', 'european', 'trophy', 'since', '$NUM$', 'when', 'they', 'beat', 'barcelona', 'in', 'the', 'cup', 'winners', ""'"", 'cup', 'final', ',', 'and', 'their', 'one', 'and', 'only', 'european', 'cup', 'triumph', 'was', 'way', 'back', 'in', '$NUM$', ',', 'when', 'they', 'beat', 'benfica', 'of', 'portugal', '4-1', 'at', 'wembley', '.']"	0	4.088888888888889	"['european', 'trophy', 'barcelona', 'cup', 'winners', ""'"", 'cup', 'european', 'cup', 'benfica', 'portugal', 'wembley']"	0	5.833333333333333	26.666666666666668	0	0	2	0	2	0	3	5	33
219	24	"['an', 'orthopedic', 'surgeon', 'was', 'given', 'permission', 'by', 'the', 'child', ""'s"", 'parents', 'and', 'the', 'hospital', 'to', 'keep', 'the', 'foot', 'for', 'research', 'and', 'educational', 'purposes', '.']"	2	4.875	[]	0	-1.0	0.0	0	0	0	0	0	0	0	0	24
220	10	['put', 'd', '94.00', 'pct', '0.94', 'dem', '2.40', 'pct', '101.40', 'x']	2	3.3	['dem']	0	3.0	10.0	0	0	0	0	0	0	1	0	9
221	4	['leeds', ',', 'england', '$UNK$']	0	4.5	['leeds', 'england']	0	6.0	50.0	0	0	2	0	0	0	0	0	2
222	34	['in', 'san', 'francisco', ',', 'osvaldo', '$UNK$', 'fired', 'a', '$UNK$', 'and', 'trenidad', 'hubbard', 'belted', 'a', 'two-run', 'homer', 'as', 'the', 'san', 'francisco', 'giants', 'ended', 'a', 'three-game', 'losing', 'streak', 'by', 'defeating', 'the', 'montreal', 'expos', ',', '7-2', '.']	2	4.647058823529412	['san', 'francisco', 'osvaldo', '$UNK$', 'trenidad', 'hubbard', 'san', 'francisco', 'giants', 'montreal', 'expos']	2	6.363636363636363	32.35294117647059	2	1	1	1	2	3	0	0	23
223	8	['in', 'home', 'health', 'to', 'appeal', 'payment', 'denial', '.']	0	4.25	['in', 'home', 'health']	0	4.0	37.5	0	0	0	0	1	2	0	0	5
224	24	['iss', 'said', 'that', 'the', 'deal', 'included', 'iss', 'inc', 'operations', 'in', 'mexico', 'and', 'the', 'sale', 'of', 'iss', 'inc', 'interests', 'in', 'brazil', 'would', 'be', 'discussed', '.']	0	4.25	['iss', 'iss', 'inc', 'mexico', 'iss', 'inc', 'brazil']	0	3.857142857142857	29.166666666666668	0	0	2	0	3	2	0	0	17
225	6	['nancy', '$NUM$', 'paris', 'st', 'germain', '$NUM$']	0	4.833333333333333	['nancy', 'paris', 'st', 'germain']	0	4.75	66.66666666666666	0	0	0	0	2	2	0	0	2
226	4	['maracaibo', ',', 'venezuela', '$UNK$']	0	6.0	['maracaibo', 'venezuela']	0	9.0	50.0	0	0	2	0	0	0	0	0	2
227	8	['comex', 'copper', 'ends', 'higher', 'after', 'late', 'recovery', '.']	0	4.875	['comex']	0	5.0	12.5	0	0	0	0	1	0	0	0	7
228	4	"[""o'meara"", ',', 'fred', 'couples']"	0	4.75	"[""o'meara"", 'fred', 'couples']"	0	6.0	75.0	2	1	0	0	0	0	0	0	1
229	2	['attendance', '27,500']	1	8.0	[]	0	-1.0	0.0	0	0	0	0	0	0	0	0	2
230	29	['$UNK$', 'said', 'he', 'could', 'not', 'curb', 'the', 'summer', 'charter', 'flights', 'of', 'national', 'carrier', 'balkan', 'airlines', ',', 'which', 'carries', 'thousands', 'of', 'foreign', 'tourists', 'to', 'the', 'bulgarian', 'black', 'sea', 'resorts', '.']	0	5.0344827586206895	['$UNK$', 'balkan', 'airlines', 'bulgarian', 'black', 'sea']	0	6.0	20.689655172413794	0	0	1	1	1	1	1	0	23
231	14	['qidra', 'had', 'said', 'dahman', 'was', 'arrested', 'on', 'suspicion', 'of', 'making', 'a', 'false', 'statement', '.']	1	4.571428571428571	['qidra', 'dahman']	0	5.5	14.285714285714285	2	0	0	0	0	0	0	0	12
232	10	['german', 'authorities', 'could', 'not', 'immediately', 'be', 'reached', 'for', 'comment', '.']	0	5.6	['german']	0	6.0	10.0	0	0	0	0	0	0	1	0	9
233	25	"['but', 'to', 'say', 'that', 'they', 'definitely', 'will', 'would', 'be', 'premature', 'until', 'we', 'determine', 'what', 'the', 'exact', 'basis', 'for', 'the', 'court', ""'s"", 'ruling', 'is', '.', '""']"	0	4.08	[]	0	-1.0	0.0	0	0	0	0	0	0	0	0	25
234	30	['london', 'shares', ',', 'boosted', 'by', 'wall', 'street', ',', 'added', 'to', 'early', 'gains', 'with', 'the', 'blue', 'chip', 'ftse', '$NUM$', 'index', 'hitting', 'a', 'new', 'peak', 'of', '$UNK$', 'before', 'dropping', 'back', 'slightly', '.']	0	4.266666666666667	['london', 'wall', 'street', 'ftse', '$NUM$']	0	5.0	16.666666666666664	0	0	2	1	0	0	1	0	25
235	12	['the', 'august', 'contract', 'expired', 'at', '0.85', 'cent', 'down', 'at', '90.85', 'cents', '.']	1	4.25	[]	0	-1.0	0.0	0	0	0	0	0	0	0	0	12
236	32	"['the', 'firm', 'has', 'signed', 'an', 'agreement', 'with', 'the', 'polish', 'development', 'bank', '(', 'pbr', ')', 'to', 'manage', 'the', 'issue', 'and', 'plans', 'them', 'to', 'be', 'listed', 'on', 'the', 'warsaw', 'bourse', ""'s"", 'bond', 'market', '.']"	1	4.0	['polish', 'development', 'bank', 'pbr', 'warsaw']	1	6.0	15.625	0	0	1	0	2	2	0	0	27
237	8	['swindon', '$NUM$', '$NUM$', '$NUM$', '$NUM$', '$NUM$', '$NUM$', '$NUM$']	0	5.25	['swindon']	0	7.0	12.5	0	0	0	0	1	0	0	0	7
238	20	['$NUM$', '-', 'malivai', 'washington', '(', 'u.s.', ')', 'beat', 'karim', 'alami', '(', 'morocco', ')', '6-4', '2-6', '7-6', '(', '7-5', ')', '6-1']	0	3.45	['malivai', 'washington', 'u.s.', 'karim', 'alami', 'morocco']	0	6.333333333333333	30.0	2	2	2	0	0	0	0	0	14
239	27	['the', 'unnamed', 'suspect', 'left', 'the', 'british', 'colony', 'after', 'being', 'detained', 'and', 'then', 'freed', 'by', 'the', 'independent', 'commission', 'against', 'corruption', '(', 'icac', ')', ',', 'the', 'radio', 'said', '.']	0	4.814814814814815	['british', 'independent', 'commission', 'against', 'corruption', 'icac']	0	8.166666666666666	22.22222222222222	0	0	0	0	2	3	1	0	21
240	38	['although', 'christie', ',', 'who', 'is', 'not', 'racing', 'the', 'individual', '$NUM$', 'metres', 'in', 'berlin', ',', 'took', 'his', 'time', 'to', 'agree', 'to', 'run', ',', 'the', 'veteran', 'was', 'clearly', 'delighted', 'to', 'be', 'part', 'of', 'the', 'tribute', 'to', 'the', 'black', 'american', '.']	0	4.105263157894737	['christie', 'berlin', 'american']	0	7.333333333333333	7.894736842105263	1	0	1	0	0	0	1	0	35
241	2	['glasgow', '$UNK$']	0	6.0	['glasgow']	0	7.0	50.0	0	0	1	0	0	0	0	0	1
242	2	['$NUM$', '$NUM$']	0	5.0	[]	0	-1.0	0.0	0	0	0	0	0	0	0	0	2
243	5	['florida', '$NUM$', '$NUM$', '.466', '$NUM$']	0	5.2	['florida']	0	7.0	20.0	0	0	0	0	1	0	0	0	4
244	6	['samsung', '$NUM$', '$NUM$', '$NUM$', '.467', '$NUM$']	0	5.166666666666667	['samsung']	0	7.0	16.666666666666664	0	0	0	0	1	0	0	0	5
245	13	['annabel', 'ellwood', '(', 'australia', ')', 'beat', 'jennifer', 'capriati', '(', 'u.s.', ')', '6-4', '$NUM$']	1	4.538461538461538	['annabel', 'ellwood', 'australia', 'jennifer', 'capriati', 'u.s.']	1	7.166666666666667	46.15384615384615	2	2	2	0	0	0	0	0	7
246	16	['nathalie', 'tauziat', '(', 'france', ')', 'beat', 'angelica', 'gavaldon', '(', 'mexico', ')', '7-6', '(', '7-4', ')', '6-2']	2	3.875	['nathalie', 'tauziat', 'france', 'angelica', 'gavaldon', 'mexico']	2	7.166666666666667	37.5	2	2	2	0	0	0	0	0	10
247	33	['enraged', 'drunks', 'and', 'street', 'people', 'in', 'this', 'town', 'known', 'for', 'its', 'machismo', 'have', 'organised', 'a', '$UNK$', 'unsuccessful', 'search', 'for', 'the', 'culprit', 'who', 'finds', 'victims', 'in', 'the', 'dark', 'streets', 'surrounding', 'a', 'local', 'market', '.']	3	4.909090909090909	[]	0	-1.0	0.0	0	0	0	0	0	0	0	0	33
248	10	"['athletics', '-', 'women', ""'s"", '1,000', 'metres', 'world', 'record', 'evolution', '.']"	0	4.9	[]	0	-1.0	0.0	0	0	0	0	0	0	0	0	10
249	7	['$UNK$', 'max', 'sciandri', '(', 'britain', ')', '$NUM$']	0	4.285714285714286	['max', 'sciandri', 'britain']	0	6.0	42.857142857142854	1	1	1	0	0	0	0	0	4
250	8	['ipswich', '$NUM$', '$NUM$', '$NUM$', '$NUM$', '$NUM$', '$NUM$', '$NUM$']	0	5.25	['ipswich']	0	7.0	12.5	0	0	0	0	1	0	0	0	7
251	30	['thailand', 'has', 'launched', 'a', 'manhunt', 'for', 'an', 'australian', 'who', 'escaped', 'from', 'a', 'high', 'security', 'prison', 'in', 'bangkok', 'while', 'awaiting', 'trial', 'on', 'drug', 'possession', 'charges', ',', 'officials', 'said', 'on', 'thursday', '.']	1	5.0	['thailand', 'australian', 'bangkok']	0	8.333333333333334	10.0	0	0	2	0	0	0	1	0	27
252	29	['but', 'lebed', 'himself', ',', 'the', 'kremlin', 'security', 'chief', ',', 'is', 'still', 'waiting', 'back', 'in', 'moscow', 'to', 'meet', 'yeltsin', 'over', 'his', 'plans', 'for', 'a', 'lasting', 'political', 'settlement', 'in', 'chechnya', '.']	0	4.551724137931035	['lebed', 'kremlin', 'moscow', 'yeltsin', 'chechnya']	0	6.6	17.24137931034483	2	0	3	0	0	0	0	0	24
253	29	['--', 'inflows', 'of', 'more', 'than', '$', '$NUM$', 'million', 'are', 'seen', 'in', 'the', 'interbank', 'market', 'and', 'the', 'bourse', 'in', 'the', 'last', 'three', 'days', 'reflecting', 'confidence', 'in', 'the', 'post-election', 'economic', 'policy']	1	4.862068965517241	[]	0	-1.0	0.0	0	0	0	0	0	0	0	0	29
254	22	['the', 'newspaper', 'said', 'netanyahu', ',', 'who', 'is', 'cool', 'to', 'meeting', 'arafat', 'himself', ',', 'opposed', 'talks', 'between', 'weizman', 'and', 'the', 'palestinian', 'president', '.']	0	5.045454545454546	['netanyahu', 'arafat', 'weizman', 'palestinian']	0	8.25	18.181818181818183	3	0	0	0	0	0	1	0	18
255	4	['peterborough', '$NUM$', 'crewe', '$NUM$']	0	6.75	['peterborough', 'crewe']	0	8.5	50.0	0	0	0	0	2	0	0	0	2
256	4	['--', 'chicago', 'newsdesk', '$UNK$']	0	5.5	['chicago']	0	7.0	25.0	0	0	1	0	0	0	0	0	3
257	8	['lausanne', '$NUM$', '$NUM$', '$NUM$', '$NUM$', '$NUM$', '$NUM$', '$NUM$']	0	5.375	['lausanne']	0	8.0	12.5	0	0	0	0	1	0	0	0	7
258	9	"['reiterates', 'previous', '""', 'buy', '""', 'recommendation', 'after', 'results', '.']"	0	5.555555555555555	[]	0	-1.0	0.0	0	0	0	0	0	0	0	0	9
259	22	['they', 'said', 'thousands', 'of', 'people', 'had', 'been', 'made', 'homeless', 'after', 'a', 'breach', 'opened', 'in', 'the', 'city', 'canal', ',', 'inundating', 'residential', 'areas', '.']	3	4.7272727272727275	[]	0	-1.0	0.0	0	0	0	0	0	0	0	0	22
260	4	['lincoln', '$NUM$', 'cambridge', '$NUM$']	0	6.5	['lincoln', 'cambridge']	0	8.0	50.0	0	0	0	0	2	0	0	0	2
261	8	['rennes', '$NUM$', '$NUM$', '$NUM$', '$NUM$', '$NUM$', '$NUM$', '$NUM$']	0	5.125	['rennes']	0	6.0	12.5	0	0	0	0	1	0	0	0	7
262	2	['paris', '$UNK$']	0	5.0	['paris']	0	5.0	50.0	0	0	1	0	0	0	0	0	1
263	8	['newcastle', '$NUM$', '$NUM$', '$NUM$', '$NUM$', '$NUM$', '$NUM$', '$NUM$']	0	5.5	['newcastle']	0	9.0	12.5	0	0	0	0	1	0	0	0	7
264	23	"['it', 'is', 'an', 'example', 'of', 'clinton', ""'s"", 'strategic', 'planning', 'as', 'he', 'heads', 'into', 'the', 'stretch', 'drive', 'for', 'the', 'nov.', '$NUM$', 'presidential', 'election', '.']"	0	4.565217391304348	['clinton']	0	7.0	4.3478260869565215	1	0	0	0	0	0	0	0	22
265	8	['leeds', '$NUM$', '$NUM$', '$NUM$', '$NUM$', '$NUM$', '$NUM$', '$NUM$']	0	5.0	['leeds']	0	5.0	12.5	0	0	0	0	1	0	0	0	7
266	14	['$NUM$', '-', 'todd', 'martin', '(', 'u.s.', ')', 'vs.', '$UNK$', 'el', 'aynaoui', '(', 'morocco', ')']	0	3.4285714285714284	['todd', 'martin', 'u.s.', '$UNK$', 'el', 'aynaoui', 'morocco']	0	5.0	50.0	1	3	2	0	0	0	0	0	7
267	8	['portsmouth', '$NUM$', '$NUM$', '$NUM$', '$NUM$', '$NUM$', '$NUM$', '$NUM$']	0	5.625	['portsmouth']	0	10.0	12.5	0	0	0	0	1	0	0	0	7
268	22	['brunswijk', ',', '$NUM$', ',', 'denied', 'the', 'charges', 'and', 'said', 'he', 'had', 'merely', 'defended', 'himself', 'when', 'pinas', 'attacked', 'him', 'with', 'a', 'bottle', '.']	0	4.409090909090909	['brunswijk', 'pinas']	0	7.0	9.090909090909092	2	0	0	0	0	0	0	0	20
269	25	"['niugini', 'mining', 'ltd', 'said', 'on', 'thursday', 'that', 'battle', 'mountain', 'had', 'initiated', 'talks', 'about', 'acquiring', 'the', 'shares', 'in', 'niugini', 'it', 'does', 'not', 'already', 'own', '.', '""']"	0	4.72	['niugini', 'mining', 'ltd', 'battle', 'mountain', 'niugini']	0	6.166666666666667	24.0	0	0	0	0	3	3	0	0	19
270	4	['burnley', '$NUM$', 'shrewsbury', '$NUM$']	0	6.75	['burnley', 'shrewsbury']	0	8.5	50.0	0	0	0	0	2	0	0	0	2
271	8	['net', 'loss', '$NUM$', 'million', 'vs', 'loss', '$NUM$', 'million']	0	4.625	[]	0	-1.0	0.0	0	0	0	0	0	0	0	0	8
272	33	"['the', 'plugged', 'wells', 'have', 'accounted', 'for', 'a', 'dip', 'of', '30,000', 'barrels', 'per', 'day', '(', 'bpd', ')', 'in', 'heidrun', 'output', 'to', 'roughly', '220,000', 'bpd', ',', 'according', 'to', 'the', 'company', ""'s"", 'status', 'weekly', 'newsletter', '.']"	1	4.303030303030303	['heidrun', 'status', 'weekly']	0	6.333333333333333	9.090909090909092	0	0	1	0	1	1	0	0	30
273	2	['valletta', '$UNK$']	0	6.5	['valletta']	0	8.0	50.0	0	0	1	0	0	0	0	0	1
274	30	['belgian', 'police', 'searched', 'two', 'more', 'houses', 'on', 'saturday', 'for', 'bodies', 'in', 'a', '$UNK$', 'scandal', 'of', 'murder', ',', 'kidnapping', 'and', 'pornography', 'that', 'has', 'sent', 'a', 'shockwave', 'of', 'revulsion', 'throughout', 'europe', '.']	2	5.0	['belgian', 'europe']	0	6.5	6.666666666666667	0	0	1	0	0	0	1	0	28
275	20	"['i', ""'ll"", 'make', 'mine', 'and', 'let', ""'s"", 'leave', '(', 'republican', 'house', 'speaker', ')', 'newt', 'gingrich', 'out', 'of', 'it', '.', '""']"	0	3.5	['republican', 'house', 'newt', 'gingrich']	0	6.75	20.0	1	1	0	0	1	1	0	0	16
276	8	['sloboda', '$NUM$', '$NUM$', '$NUM$', '$NUM$', '$NUM$', '$NUM$', '$NUM$']	0	5.25	['sloboda']	0	7.0	12.5	0	0	0	0	1	0	0	0	7
277	16	"['the', 'session', ""'s"", 'most', 'active', 'shares', 'were', 'those', 'of', '$UNK$', 'gained', '$NUM$', 'lira', 'to', '8,600', '.']"	1	4.1875	['$UNK$']	0	5.0	6.25	0	0	0	0	0	0	0	0	15
278	29	['the', 'newspaper', 'said', 'china', 'advocated', 'the', 'complete', 'ban', 'and', 'destruction', 'of', 'nuclear', 'weapons', 'but', 'that', 'there', 'was', 'little', 'hope', 'other', 'nuclear', 'powers', 'would', 'soon', 'adopt', 'the', 'same', 'stance', '.']	0	5.0	['china']	0	5.0	3.4482758620689653	0	0	1	0	0	0	0	0	28
279	4	['if', 'more', 'than', 'one']	0	3.25	[]	0	-1.0	0.0	0	0	0	0	0	0	0	0	4
280	9	['egypt', 'wants', 'nothing', 'to', 'do', 'with', 'sudanese', 'rulers', '.']	0	4.444444444444445	['egypt', 'sudanese']	0	6.5	22.22222222222222	0	0	1	0	0	0	1	0	7
281	7	['5.', 'mark', 'mcnulty', '(', 'zimbabwe', ')', '$UNK$']	0	4.0	['mark', 'mcnulty', 'zimbabwe']	0	6.333333333333333	42.857142857142854	1	1	1	0	0	0	0	0	4
282	30	['sao', 'paulo', 'state', 'power', 'firm', 'eletropaulo', 'said', 'it', 'has', 'named', 'eduardo', 'bernini', 'as', 'new', 'president', ',', 'replacing', 'emmanuel', 'sobral', ',', 'who', 'will', 'head', 'a', 'secretariat', 'at', 'the', 'transportation', 'ministry', '.']	1	5.033333333333333	['sao', 'paulo', 'eletropaulo', 'eduardo', 'bernini', 'emmanuel', 'sobral', 'transportation', 'ministry']	1	7.666666666666667	30.0	2	2	1	1	2	1	0	0	21
283	24	['the', 'company', 'also', 'repaid', 'some', '$', '$NUM$', 'million', 'of', 'debt', ',', 'well', 'above', 'the', 'originally', 'planned', '$', '$NUM$', 'million', 'to', '$', '$NUM$', 'million', '.']	0	4.25	[]	0	-1.0	0.0	0	0	0	0	0	0	0	0	24
284	8	['fernandez', '(', '12-8', ')', 'scattered', 'six', 'hits', '.']	0	4.0	['fernandez']	0	9.0	12.5	1	0	0	0	0	0	0	0	7
285	2	['denver', '$UNK$']	0	5.5	['denver']	0	6.0	50.0	1	0	0	0	0	0	0	0	1
286	24	['club', 'president', 'gilbert', 'facchinetti', 'said', 'he', 'was', 'astonished', 'the', 'committee', 'had', 'arrived', 'at', 'its', 'decision', 'so', 'quickly', 'and', 'vowed', 'the', 'club', 'would', 'appeal', '.']	1	5.041666666666667	['gilbert', 'facchinetti']	1	9.0	8.333333333333332	1	1	0	0	0	0	0	0	22
287	2	['$UNK$', '.']	0	3.0	[]	0	-1.0	0.0	0	0	0	0	0	0	0	0	2
288	28	"['the', 'zastava', 'works', 'in', 'the', 'central', 'town', 'of', 'kragujevac', 'is', 'the', 'backbone', 'of', 'serbia', ""'s"", 'defence', 'industry', ',', 'supplying', 'the', 'army', 'with', 'a', 'whole', 'range', 'of', 'weapons', '.']"	1	4.392857142857143	['zastava', 'kragujevac', 'serbia']	0	7.666666666666667	10.714285714285714	0	0	2	0	1	0	0	0	25
289	23	"['""', 'the', 'result', 'of', 'the', 'second', '$UNK$', 'is', 'expected', 'to', 'improve', 'on', 'the', 'early', 'part', 'of', 'the', 'year', ',', '""', 'atria', 'said', '.']"	0	3.4782608695652173	['atria']	0	5.0	4.3478260869565215	0	0	0	0	1	0	0	0	22
290	42	['armed', 'hijackers', 'believed', 'to', 'be', 'iraqis', 'released', 'between', '$NUM$', 'and', '$NUM$', 'people', 'on', 'tuesday', 'from', 'a', 'sudan', 'airways', 'plane', 'carrying', '$NUM$', 'passengers', 'and', 'crew', 'that', 'landed', 'in', 'london', 'after', 'being', 'diverted', 'on', 'a', 'flight', 'from', 'khartoum', 'to', 'amman', ',', 'authorities', 'said', '.']	0	4.9523809523809526	['iraqis', 'sudan', 'airways', 'london', 'khartoum', 'amman']	0	6.166666666666667	14.285714285714285	0	0	3	0	1	1	1	0	36
291	11	['all', 'three', 'wounded', 'are', 'in', 'a', 'satisfactory', 'condition', 'in', 'hospital', '.']	0	4.818181818181818	[]	0	-1.0	0.0	0	0	0	0	0	0	0	0	11
292	12	['soccer', '-', 'english', 'and', 'scottish', 'league', 'fixtures', '-', 'aug', '30-sept', '$NUM$', '.']	1	4.666666666666667	['english', 'scottish']	0	7.5	16.666666666666664	0	0	0	0	0	0	2	0	10
293	22	['the', 'times', 'newspaper', 'said', 'diana', 'was', 'not', 'named', 'in', 'the', 'divorce', 'petition', 'heard', 'by', 'a', 'court', 'in', 'surrey', ',', 'southern', 'england', '.']	0	4.318181818181818	['the', 'times', 'diana', 'surrey', 'england']	0	5.2	22.727272727272727	1	0	2	0	1	1	0	0	17
294	19	['they', 'say', 'their', 'pay', 'has', 'not', 'kept', 'up', 'at', 'all', 'with', 'inflation', ',', 'currently', 'running', 'at', '$NUM$', 'percent', '.']	0	4.052631578947368	[]	0	-1.0	0.0	0	0	0	0	0	0	0	0	19
295	17	"['they', 'are', 'idiots', 'to', 'have', 'started', 'the', 'jerusalem', 'battle', ',', '""', 'arafat', 'said', 'in', 'arabic', '.', '""']"	1	3.8823529411764706	['jerusalem', 'arafat', 'arabic']	0	7.0	17.647058823529413	1	0	1	0	0	0	1	0	14
296	25	"['""', 'this', 'is', 'an', 'individual', 'case', 'and', 'i', 'do', ""n't"", 'have', 'any', 'evidence', 'linking', 'the', 'suspects', 'to', 'any', 'other', 'cases', ',', '""', '$UNK$', 'said', '.']"	0	3.68	['$UNK$']	0	5.0	4.0	0	0	0	0	0	0	0	0	24
297	19	['motor', 'gasoline', 'stocks', 'dipped', 'slightly', 'as', 'barges', 'left', 'for', 'germany', ',', 'but', 'there', 'were', 'few', 'inflows', 'of', 'cargoes', '.']	0	4.631578947368421	['germany']	0	7.0	5.263157894736842	0	0	1	0	0	0	0	0	18
298	31	"['british', 'jewish', 'groups', 'have', 'also', 'protested', 'because', 'they', 'say', 'members', 'of', 'algeria', ""'s"", 'islamic', 'salvation', 'front', '(', 'fis', ')', 'and', 'the', 'palestinian', 'islamic', 'group', 'hamas', 'are', 'on', 'the', 'guest', 'list', '.']"	0	4.709677419354839	['british', 'jewish', 'algeria', 'islamic', 'salvation', 'front', 'fis', 'palestinian', 'islamic', 'hamas']	0	6.7	32.25806451612903	0	0	1	0	3	2	4	0	21
299	9	['young', 'boys', '$NUM$', '$NUM$', '$NUM$', '$NUM$', '$NUM$', '$NUM$', '$NUM$']	0	4.888888888888889	['young', 'boys']	0	4.5	22.22222222222222	0	0	0	0	1	1	0	0	7
300	2	['total', '$NUM$']	0	5.0	[]	0	-1.0	0.0	0	0	0	0	0	0	0	0	2
301	5	['swindon', '$NUM$', 'port', 'vale', '$NUM$']	0	5.0	['swindon', 'port', 'vale']	0	5.0	60.0	0	0	0	0	2	1	0	0	2
302	16	['note', '-', 'salomon', '&', 'taylor', 'made', 'co', 'ltd', 'manufactures', 'golf', 'clubs', 'and', 'sells', 'ski', 'equipment', '.']	0	4.375	['salomon', '&', 'taylor', 'made', 'co', 'ltd']	0	3.8333333333333335	37.5	0	0	0	0	1	5	0	0	10
303	8	['plymouth', '$NUM$', '$NUM$', '$NUM$', '$NUM$', '$NUM$', '$NUM$', '$NUM$']	0	5.375	['plymouth']	0	8.0	12.5	0	0	0	0	1	0	0	0	7
304	29	['the', '20-year-old', 'rubin', ',', 'who', 'was', 'to', 'be', 'seeded', '11th', ',', 'is', 'still', 'suffering', 'from', 'tendinitis', 'of', 'the', 'right', 'wrist', 'that', 'has', 'kept', 'her', 'sidelined', 'in', 'recent', 'months', '.']	0	4.275862068965517	['rubin']	0	5.0	3.4482758620689653	1	0	0	0	0	0	0	0	28
305	7	['3.', 'silke', 'renk', '(', 'germany', ')', '56.70']	1	3.5714285714285716	['silke', 'renk', 'germany']	0	5.333333333333333	42.857142857142854	1	1	1	0	0	0	0	0	4
306	14	['linda', 'wild', '(', 'u.s.', ')', 'beat', 'kristie', 'boogert', '(', 'netherlands', ')', '5-7', '6-3', '6-3']	0	3.9285714285714284	['linda', 'wild', 'u.s.', 'kristie', 'boogert', 'netherlands']	0	6.333333333333333	42.857142857142854	2	2	2	0	0	0	0	0	8
307	30	"['itamar', 'rabinovich', ',', 'who', 'as', 'israel', ""'s"", 'ambassador', 'to', 'washington', 'conducted', 'unfruitful', 'negotiations', 'with', 'syria', ',', 'told', 'israel', 'radio', 'it', 'looked', 'like', 'damascus', 'wanted', 'to', 'talk', 'rather', 'than', 'fight', '.']"	1	5.2	['itamar', 'rabinovich', 'israel', 'washington', 'syria', 'israel', 'radio', 'damascus']	0	7.0	26.666666666666668	1	1	4	0	1	1	0	0	22
308	22	"['""', 'it', 'comes', 'at', 'the', 'worst', 'possible', 'time', 'on', 'one', 'of', 'the', 'biggest', 'days', 'for', 'the', 'president', ',', '""', 'feinstein', 'said', '.']"	0	3.727272727272727	['feinstein']	0	9.0	4.545454545454546	1	0	0	0	0	0	0	0	21
309	2	['brasilia', '$UNK$']	0	6.5	['brasilia']	0	8.0	50.0	0	0	1	0	0	0	0	0	1
310	21	['as', 'of', 'monday', ',', '$NUM$', 'children', 'were', 'still', 'hospitalised', 'in', 'sakai', 'city', ',', 'of', 'whom', 'six', 'were', 'in', 'serious', 'condition', '.']	0	4.238095238095238	['sakai']	0	5.0	4.761904761904762	0	0	1	0	0	0	0	0	20
311	8	['1.', 'wolfgang', '$UNK$', '(', 'germany', ')', '2.20', 'metres']	0	4.25	['wolfgang', '$UNK$', 'germany']	0	6.666666666666667	37.5	1	0	1	0	0	0	0	0	5
312	13	"['""', 'we', 'had', '$NUM$', 'earth', 'first', 'protestors', 'invade', 'and', 'occupy', 'our', 'site', '.']"	1	4.153846153846154	['earth', 'first']	0	5.0	15.384615384615385	0	0	0	0	1	1	0	0	11
313	7	['$UNK$', 'alexandre', 'gontchenkov', '(', 'ukraine', ')', '$NUM$']	1	5.571428571428571	['alexandre', 'gontchenkov', 'ukraine']	1	9.0	42.857142857142854	1	1	1	0	0	0	0	0	4
314	10	"['come', 'on', ',', 'you', 'know', 'better', 'than', 'that', '.', '""']"	0	3.0	[]	0	-1.0	0.0	0	0	0	0	0	0	0	0	10
315	2	['tuesday', '.']	0	4.0	[]	0	-1.0	0.0	0	0	0	0	0	0	0	0	2
316	20	"['martin', 'overcame', 'cedric', 'pioline', 'of', 'france', '2-6', '6-2', '6-4', 'and', ""o'brien"", 'beat', 'mikael', 'tillstrom', 'of', 'sweden', '6-3', '2-6', '6-3', '.']"	0	4.55	"['martin', 'cedric', 'pioline', 'france', ""o'brien"", 'mikael', 'tillstrom', 'sweden']"	0	6.625	40.0	4	2	2	0	0	0	0	0	12
317	2	['bangkok', '$UNK$']	0	6.0	['bangkok']	0	7.0	50.0	0	0	1	0	0	0	0	0	1
318	16	['dickson', 'allowed', 'a', 'homer', 'to', 'derek', 'jeter', 'on', 'his', 'first', 'major-league', 'pitch', 'but', 'settled', 'down', '.']	1	4.625	['dickson', 'derek', 'jeter']	1	5.666666666666667	18.75	2	1	0	0	0	0	0	0	13
319	28	"['tutu', ""'s"", 'deputy', 'chairman', ',', 'alex', 'boraine', ',', 'told', 'reporters', 'the', 'commission', 'would', 'begin', 'issuing', 'subpoenas', 'to', 'suspects', 'who', 'refused', 'to', 'appear', 'voluntarily', 'some', 'time', 'this', 'week', '.']"	0	5.035714285714286	['tutu', 'alex', 'boraine']	0	5.0	10.714285714285714	2	1	0	0	0	0	0	0	25
320	2	['ankara', '$UNK$']	0	5.5	['ankara']	0	6.0	50.0	0	0	1	0	0	0	0	0	1
321	4	['$UNK$', ',', 'bosnia', '$UNK$']	0	4.25	['$UNK$', 'bosnia']	0	5.5	50.0	0	0	1	0	0	0	0	0	2
322	26	['workers', 'at', 'salvador', 'voted', 'to', 'strike', 'from', 'saturday', ',', 'and', 'it', 'was', 'not', 'clear', 'when', 'further', 'talks', 'between', 'the', 'unions', 'and', 'management', 'would', 'take', 'place', '.']	0	4.576923076923077	['salvador']	0	8.0	3.8461538461538463	0	0	1	0	0	0	0	0	25
323	14	['$NUM$', 'stephen', 'mcallister', '$NUM$', '$NUM$', '$NUM$', ',', 'joakim', 'haeggman', '(', 'swe', ')', '$NUM$', '$NUM$']	1	4.785714285714286	['stephen', 'mcallister', 'joakim', 'haeggman', 'swe']	1	6.8	35.714285714285715	2	2	1	0	0	0	0	0	9
